<?xml version="1.0" encoding="UTF-8"?>
<configuration>
    <!-- Consola, formato más compacto -->
    <appender name="CONSOLE" class="ch.qos.logback.core.ConsoleAppender">
        <encoder>
            <pattern>
                %d{yyyy-MM-dd HH:mm:ss.SSS} [%level] %logger{36} - %msg%n
            </pattern>
        </encoder>
    </appender>

    <!-- Solo advertencias en la capa web -->
    <logger name="org.springframework.web" level="WARN" />
    <logger name="org.springframework.web.servlet.resource" level="WARN"/>
    <logger name="org.springframework.web.servlet.DispatcherServlet" level="WARN"/>
    <logger name="org.hibernate.SQL" level="WARN"/>
    <logger name="com.intcomex" level="INFO"/>

    <!-- Root global -->
    <root level="INFO">
        <appender-ref ref="CONSOLE"/>
    </root>
</configuration>
