<?xml version="1.0" encoding="UTF-8"?>
<configuration>

    <property name="LOG_PATTERN"
              value="%d{HH:mm:ss.SSS} [%highlight(%-5level)] [%X{correlationId}] %cyan(%logger{36}) - %msg%n"/>

    <appender name="CONSOLE" class="ch.qos.logback.core.ConsoleAppender">
        <encoder class="ch.qos.logback.classic.encoder.PatternLayoutEncoder">
            <pattern>${LOG_PATTERN}</pattern>
        </encoder>
    </appender>

    <springProfile name="dev">
        <logger name="org.hibernate.SQL" level="DEBUG"/>
        <logger name="org.hibernate.type.descriptor.sql.BasicBinder" level="TRACE"/>
    </springProfile>

    <springProfile name="prod">
        <logger name="org.hibernate.SQL" level="OFF"/>
        <logger name="org.hibernate.type.descriptor.sql.BasicBinder" level="OFF"/>
    </springProfile>

    <root level="INFO">
        <appender-ref ref="CONSOLE"/>
    </root>
</configuration>
